Date,Views,Watch time (hours)
2021-01-01,34.0,2.1518
2020-12-31,13.0,0.4751
2020-12-30,47.0,2.5803
2020-12-29,78.0,3.5346
2020-12-28,158.0,7.2455
2020-12-27,88.0,7.5756
2020-12-26,70.0,3.3697
2020-12-25,84.0,6.4577
2020-12-24,94.0,5.6948
2020-12-23,85.0,3.6614
2020-12-22,150.0,4.9304
2020-12-21,221.0,9.3971
2020-12-20,59.0,2.8727
2020-12-19,66.0,2.1985
2020-12-18,81.0,2.5548
2020-12-17,40.0,0.9894
2020-12-16,78.0,3.0087
2020-12-15,81.0,4.4897
2020-12-14,53.0,2.2994
2020-12-13,74.0,4.5829
2020-12-12,63.0,2.3897
2020-12-11,48.0,3.3892
2020-12-10,56.0,2.9705
2020-12-09,50.0,1.8972
2020-12-08,83.0,5.6926
2020-12-07,134.0,6.4288
2020-12-06,102.0,6.2544
2020-12-05,69.0,4.6044
2020-12-04,62.0,4.5662
2020-12-03,59.0,3.2834
2020-12-02,51.0,3.1011
2020-12-01,35.0,1.268
2020-11-30,70.0,5.1646
2020-11-29,70.0,5.199
2020-11-28,72.0,3.2781
2020-11-27,83.0,4.1053
2020-11-26,65.0,3.0983
2020-11-25,62.0,2.7992
2020-11-24,55.0,2.283
2020-11-23,57.0,3.4543
2020-11-22,97.0,6.9537
2020-11-21,64.0,3.5683
2020-11-20,73.0,4.3734
2020-11-19,53.0,3.1216
2020-11-18,48.0,2.6735
2020-11-17,83.0,3.2207
2020-11-16,111.0,6.3613
2020-11-15,87.0,4.982
2020-11-14,104.0,5.3018
2020-11-13,60.0,4.8663
2020-11-12,58.0,2.727
2020-11-11,66.0,3.277
2020-11-10,111.0,7.0809
2020-11-09,83.0,5.6279
2020-11-08,56.0,3.1768
2020-11-07,54.0,3.5487
2020-11-06,91.0,6.7575
2020-11-05,85.0,4.534
2020-11-04,119.0,4.6961
2020-11-03,64.0,3.0949
2020-11-02,21.0,1.3836
2020-11-01,51.0,2.9534
2020-10-31,100.0,6.8286
2020-10-30,47.0,1.7645
2020-10-29,137.0,2.4739
2020-10-28,100.0,5.8647
2020-10-27,78.0,4.5206
2020-10-26,76.0,4.5451
2020-10-25,49.0,3.1528
2020-10-24,54.0,4.2335
2020-10-23,61.0,3.4803
2020-10-22,63.0,3.1582
2020-10-21,49.0,2.4595
2020-10-20,88.0,2.2753
2020-10-19,87.0,4.7386
2020-10-18,119.0,5.9101
2020-10-17,84.0,4.8485
2020-10-16,105.0,4.4291
2020-10-15,55.0,3.2528
2020-10-14,80.0,2.9664
2020-10-13,76.0,2.2706
2020-10-12,109.0,4.041
2020-10-11,94.0,4.3028
2020-10-10,59.0,3.662
2020-10-09,51.0,1.6295
2020-10-08,61.0,3.5825
2020-10-07,41.0,3.2192
2020-10-06,80.0,3.4639
2020-10-05,59.0,2.0268
2020-10-04,36.0,2.1376
2020-10-03,45.0,1.7722
2020-10-02,57.0,3.1213
2020-10-01,30.0,1.3421
2020-09-30,24.0,0.308
2020-09-29,53.0,2.1846
2020-09-28,52.0,4.3549
2020-09-27,53.0,2.3587
2020-09-26,68.0,4.3335
2020-09-25,52.0,4.0367
2020-09-24,38.0,1.6932
2020-09-23,79.0,4.2982
2020-09-22,62.0,2.4728
2020-09-21,90.0,4.7663
2020-09-20,78.0,5.0525
2020-09-19,80.0,4.7392
2020-09-18,66.0,4.2944
2020-09-17,86.0,4.4272
2020-09-16,55.0,3.4502
2020-09-15,78.0,4.8882
2020-09-14,77.0,3.1978
2020-09-13,52.0,2.9731
2020-09-12,45.0,1.9884
2020-09-11,77.0,5.0251
2020-09-10,91.0,2.5607
2020-09-09,114.0,6.4713
2020-09-08,127.0,4.395
2020-09-07,91.0,3.4213
2020-09-06,145.0,6.236
2020-09-05,109.0,5.4844
2020-09-04,72.0,3.2436
2020-09-03,123.0,5.3919
2020-09-02,139.0,5.0093
2020-09-01,70.0,2.1585
2020-08-31,74.0,2.4646
2020-08-30,109.0,3.1698
2020-08-29,70.0,4.4112
2020-08-28,71.0,3.2825
2020-08-27,80.0,3.2895
2020-08-26,45.0,1.9454
2020-08-25,77.0,3.3312
2020-08-24,183.0,6.198
2020-08-23,247.0,7.305
2020-08-22,189.0,4.0376
2020-08-21,95.0,4.7627
2020-08-20,148.0,5.7354
2020-08-19,45.0,2.7155
2020-08-18,49.0,2.5961
2020-08-17,49.0,1.3783
2020-08-16,70.0,3.1772
2020-08-15,41.0,2.0205
2020-08-14,102.0,5.8723
2020-08-13,64.0,4.3767
2020-08-12,72.0,4.2914
2020-08-11,67.0,4.3602
2020-08-10,156.0,8.1564
2020-08-09,133.0,8.2686
2020-08-08,69.0,3.2385
2020-08-07,109.0,4.5675
2020-08-06,103.0,4.0759
2020-08-05,119.0,4.3592
2020-08-04,97.0,5.3579
2020-08-03,140.0,8.4501
2020-08-02,118.0,7.2564
2020-08-01,50.0,3.9589
2020-07-31,72.0,4.0125
2020-07-30,75.0,4.1928
2020-07-29,132.0,5.4526
2020-07-28,179.0,10.856
2020-07-27,122.0,8.644
2020-07-26,151.0,8.3521
2020-07-25,167.0,9.9188
2020-07-24,104.0,7.4651
2020-07-23,160.0,10.9946
2020-07-22,189.0,9.2205
2020-07-21,315.0,13.4488
2020-07-20,197.0,13.2887
2020-07-19,88.0,5.2242
2020-07-18,132.0,5.7168
2020-07-17,194.0,9.2188
2020-07-16,60.0,2.5273
2020-07-15,83.0,6.3722
2020-07-14,59.0,2.5952
2020-07-13,67.0,3.9883
2020-07-12,135.0,5.5304
2020-07-11,114.0,6.2236
2020-07-10,98.0,4.6199
2020-07-09,173.0,5.8613
2020-07-08,141.0,4.0954
2020-07-07,155.0,3.1265
2020-07-06,93.0,3.3845
2020-07-05,114.0,5.9488
2020-07-04,129.0,6.3682
2020-07-03,92.0,5.4087
2020-07-02,106.0,4.9348
2020-07-01,75.0,3.4228
2020-06-30,120.0,5.4674
2020-06-29,73.0,3.1518
2020-06-28,60.0,3.377
2020-06-27,57.0,4.2184
2020-06-26,139.0,7.2433
2020-06-25,140.0,4.2286
2020-06-24,211.0,9.7523
2020-06-23,168.0,9.4627
2020-06-22,147.0,6.8654
2020-06-21,181.0,9.3583
2020-06-20,80.0,5.0747
2020-06-19,110.0,5.4821
2020-06-18,69.0,4.3176
2020-06-17,57.0,3.3204
2020-06-16,72.0,4.1473
2020-06-15,102.0,3.6013
2020-06-14,163.0,8.1139
2020-06-13,97.0,4.3445
2020-06-12,119.0,4.6427
2020-06-11,110.0,6.1757
2020-06-10,174.0,7.8021
2020-06-09,198.0,5.6232
2020-06-08,81.0,2.6299
2020-06-07,93.0,2.2157
2020-06-06,162.0,5.2459
2020-06-05,132.0,5.855
2020-06-04,115.0,5.1262
2020-06-03,53.0,1.9985
2020-06-02,179.0,4.0191
2020-06-01,76.0,1.5824
2020-05-31,124.0,3.3272
2020-05-30,165.0,7.6665
2020-05-29,77.0,3.8597
2020-05-28,122.0,5.8903
2020-05-27,77.0,4.0631
2020-05-26,209.0,9.3126
2020-05-25,81.0,3.5558
2020-05-24,110.0,7.0559
2020-05-23,192.0,8.8317
2020-05-22,153.0,6.0013
2020-05-21,204.0,9.3561
2020-05-20,102.0,5.774
2020-05-19,166.0,6.5261
2020-05-18,77.0,4.0771
2020-05-17,133.0,8.2903
2020-05-16,148.0,8.098
2020-05-15,93.0,3.403
2020-05-14,250.0,6.0394
2020-05-13,80.0,3.5124
2020-05-12,96.0,5.6394
2020-05-11,68.0,3.0034
2020-05-10,90.0,5.9713
2020-05-09,172.0,9.2539
2020-05-08,83.0,4.0589
2020-05-07,142.0,5.9233
2020-05-06,109.0,5.3695
2020-05-05,205.0,11.432
2020-05-04,104.0,3.097
2020-05-03,179.0,7.5854
2020-05-02,113.0,6.3605
2020-05-01,59.0,4.8422
2020-04-30,106.0,6.3784
2020-04-29,132.0,4.7398
2020-04-28,113.0,3.1263
2020-04-27,162.0,5.6116
2020-04-26,196.0,10.8028
2020-04-25,170.0,6.2288
2020-04-24,132.0,4.6197
2020-04-23,233.0,6.3669
2020-04-22,218.0,6.0938
2020-04-21,104.0,3.7688
2020-04-20,45.0,1.1614
2020-04-19,173.0,6.2051
2020-04-18,117.0,4.9574
2020-04-17,116.0,3.7317
2020-04-16,190.0,6.1775
2020-04-15,396.0,9.1479
2020-04-14,168.0,6.1433
2020-04-13,178.0,5.3518
2020-04-12,408.0,8.9304
2020-04-11,98.0,3.095
2020-04-10,104.0,4.0969
2020-04-09,50.0,0.9394
2020-04-08,46.0,1.0659
2020-04-07,108.0,3.2536
2020-04-06,224.0,5.9703
2020-04-05,38.0,2.8685
2020-04-04,37.0,1.9456
2020-04-03,19.0,0.2875
2020-04-02,46.0,1.4586
2020-04-01,55.0,0.7526
2020-03-31,103.0,1.9421
2020-03-30,33.0,0.7222
2020-03-29,22.0,0.4587
2020-03-28,43.0,1.7761
2020-03-27,160.0,3.8804
2020-03-26,16.0,0.8973
2020-03-25,89.0,1.7219
2020-03-24,35.0,1.4687
2020-03-23,90.0,1.243
2020-03-22,104.0,1.5373
2020-03-21,7.0,0.3817
2020-03-20,29.0,0.3373
2020-03-19,9.0,0.2257
2020-03-18,9.0,0.2536
2020-03-17,14.0,0.1281
2020-03-16,115.0,2.4394
2020-03-15,6.0,0.3798
2020-03-14,41.0,0.345
2020-03-13,92.0,1.3488
2020-03-12,137.0,2.0351
2020-03-11,23.0,0.7884
2020-03-10,31.0,0.7038
2020-03-09,137.0,2.0819
2020-03-08,15.0,0.4625
2020-03-07,3.0,0.0439
2020-03-06,11.0,0.6434
2020-03-05,29.0,0.8313
2020-03-04,17.0,0.5763
2020-03-03,88.0,1.8931
2020-03-02,235.0,3.4536
2020-03-01,175.0,3.3674
2020-02-29,283.0,4.6791
2020-02-28,167.0,2.7694
2020-02-27,5.0,0.2801
2020-02-26,6.0,0.0143
2020-02-24,7.0,0.0395
2020-02-23,15.0,0.1865
2020-02-22,17.0,0.2107
2020-02-21,5.0,0.0003
2020-02-19,6.0,0.0326
2020-02-18,16.0,0.2398
2022-01-01,34.0,1.6663
2021-12-31,1.0,0.0006
2021-12-30,6.0,0.046
2021-12-29,35.0,2.3054
2021-12-28,15.0,1.0014
2021-12-27,34.0,2.906
2021-12-26,29.0,2.621
2021-12-25,59.0,3.8631
2021-12-24,44.0,3.2937
2021-12-23,33.0,2.1944
2021-12-22,77.0,3.1669
2021-12-21,70.0,4.8645
2021-12-20,58.0,4.018
2021-12-19,66.0,2.5042
2021-12-18,37.0,1.2197
2021-12-17,92.0,3.9786
2021-12-16,78.0,4.3215
2021-12-15,32.0,1.6337
2021-12-14,120.0,4.3869
2021-12-13,33.0,1.9958
2021-12-12,33.0,1.8857
2021-12-11,67.0,5.5655
2021-12-10,62.0,2.4921
2021-12-09,38.0,1.4384
2021-12-08,15.0,1.1085
2021-12-07,24.0,0.6035
2021-12-06,58.0,5.3075
2021-12-05,56.0,2.4265
2021-12-04,44.0,0.5151
2021-12-03,43.0,3.4017
2021-12-02,32.0,1.6786
2021-12-01,44.0,1.6746
2021-11-30,57.0,3.0234
2021-11-29,42.0,2.6558
2021-11-28,48.0,1.5179
2021-11-27,35.0,1.0212
2021-11-26,20.0,0.8117
2021-11-25,45.0,1.724
2021-11-24,37.0,2.0607
2021-11-23,16.0,0.2567
2021-11-22,54.0,2.059
2021-11-21,34.0,1.6292
2021-11-20,54.0,2.6417
2021-11-19,34.0,2.8748
2021-11-18,49.0,2.6717
2021-11-17,45.0,2.7599
2021-11-16,22.0,0.8887
2021-11-15,36.0,1.4867
2021-11-14,29.0,1.5753
2021-11-13,31.0,3.3859
2021-11-12,28.0,0.4342
2021-11-11,25.0,1.2301
2021-11-10,98.0,6.4444
2021-11-09,31.0,1.7185
2021-11-08,21.0,0.5453
2021-11-07,25.0,0.8114
2021-11-06,53.0,2.916
2021-11-05,28.0,1.0882
2021-11-04,45.0,2.222
2021-11-03,36.0,1.6153
2021-11-02,88.0,5.4202
2021-11-01,44.0,2.6682
2021-10-31,44.0,0.8077
2021-10-30,94.0,5.7778
2021-10-29,53.0,3.5677
2021-10-28,47.0,2.1837
2021-10-27,48.0,3.1629
2021-10-26,26.0,1.0291
2021-10-25,14.0,0.2984
2021-10-24,30.0,1.2769
2021-10-23,26.0,1.8661
2021-10-22,42.0,2.9074
2021-10-21,56.0,3.5433
2021-10-20,15.0,0.8739
2021-10-19,29.0,0.7466
2021-10-18,17.0,0.4749
2021-10-17,59.0,1.7555
2021-10-16,26.0,2.2614
2021-10-15,24.0,0.9298
2021-10-14,59.0,2.6227
2021-10-13,62.0,2.6139
2021-10-12,49.0,2.7435
2021-10-11,43.0,3.7038
2021-10-10,39.0,1.7164
2021-10-09,38.0,2.2345
2021-10-08,25.0,1.9067
2021-10-07,25.0,1.6732
2021-10-06,39.0,4.9072
2021-10-05,83.0,3.4447
2021-10-04,55.0,2.4316
2021-10-03,67.0,3.1503
2021-10-02,35.0,1.3653
2021-10-01,25.0,1.2522
2021-09-30,85.0,3.0526
2021-09-29,71.0,4.3987
2021-09-28,43.0,1.559
2021-09-27,57.0,3.5937
2021-09-26,33.0,2.0802
2021-09-25,47.0,4.3829
2021-09-24,53.0,2.0368
2021-09-23,27.0,0.7019
2021-09-22,96.0,3.9517
2021-09-21,57.0,2.6609
2021-09-20,59.0,2.5935
2021-09-19,67.0,4.3551
2021-09-18,111.0,4.3194
2021-09-17,54.0,3.0776
2021-09-16,71.0,2.8944
2021-09-15,71.0,4.512
2021-09-14,75.0,4.1968
2021-09-13,59.0,3.3238
2021-09-12,136.0,4.0377
2021-09-11,40.0,2.9483
2021-09-10,86.0,4.8973
2021-09-09,87.0,5.444
2021-09-08,78.0,3.3032
2021-09-07,73.0,3.2409
2021-09-06,41.0,2.843
2021-09-05,54.0,2.6961
2021-09-04,29.0,0.9401
2021-09-03,85.0,2.6662
2021-09-02,60.0,3.6006
2021-09-01,34.0,1.0477
2021-08-31,63.0,2.798
2021-08-30,39.0,1.2511
2021-08-29,41.0,2.1121
2021-08-28,48.0,0.8086
2021-08-27,30.0,0.8075
2021-08-26,28.0,1.5625
2021-08-25,41.0,1.1022
2021-08-24,35.0,1.4286
2021-08-23,51.0,1.8506
2021-08-22,62.0,1.4173
2021-08-21,52.0,2.1781
2021-08-20,66.0,1.914
2021-08-19,108.0,4.9883
2021-08-18,28.0,0.9391
2021-08-17,55.0,4.4452
2021-08-16,125.0,4.4347
2021-08-15,91.0,4.3962
2021-08-14,53.0,2.6414
2021-08-13,66.0,3.8882
2021-08-12,110.0,7.2493
2021-08-11,91.0,6.2646
2021-08-10,88.0,7.8651
2021-08-09,87.0,5.0999
2021-08-08,90.0,8.304
2021-08-07,95.0,8.9696
2021-08-06,101.0,9.6789
2021-08-05,99.0,7.9278
2021-08-04,90.0,6.4299
2021-08-03,94.0,7.609
2021-08-02,107.0,7.1053
2021-08-01,82.0,6.0473
2021-07-31,151.0,11.8315
2021-07-30,59.0,3.7975
2021-07-29,122.0,7.3969
2021-07-28,137.0,11.7071
2021-07-27,153.0,12.14
2021-07-26,107.0,8.6694
2021-07-25,116.0,7.7127
2021-07-24,88.0,6.2236
2021-07-23,88.0,5.728
2021-07-22,57.0,4.2463
2021-07-21,184.0,5.3664
2021-07-20,119.0,8.4751
2021-07-19,36.0,2.0177
2021-07-18,20.0,1.4998
2021-07-17,60.0,4.1522
2021-07-16,58.0,4.2915
2021-07-15,49.0,4.5
2021-07-14,37.0,2.4368
2021-07-13,45.0,2.6521
2021-07-12,56.0,3.7173
2021-07-11,22.0,0.9063
2021-07-10,29.0,1.4923
2021-07-09,11.0,0.6845
2021-07-08,16.0,1.1648
2021-07-07,58.0,3.002
2021-07-06,28.0,1.6975
2021-07-05,34.0,2.6284
2021-07-04,36.0,3.6287
2021-07-03,48.0,5.7312
2021-07-02,31.0,1.6917
2021-07-01,65.0,4.5924
2021-06-30,28.0,1.369
2021-06-29,24.0,1.1693
2021-06-28,26.0,2.4739
2021-06-27,22.0,2.1473
2021-06-26,15.0,0.4346
2021-06-25,30.0,2.6405
2021-06-24,32.0,1.453
2021-06-23,28.0,1.6989
2021-06-22,19.0,0.7013
2021-06-21,60.0,4.1129
2021-06-20,32.0,2.679
2021-06-19,44.0,2.3164
2021-06-18,54.0,4.6916
2021-06-17,43.0,2.7979
2021-06-16,16.0,0.9932
2021-06-15,60.0,4.864
2021-06-14,43.0,3.9531
2021-06-13,27.0,0.4502
2021-06-12,32.0,1.8799
2021-06-11,32.0,1.9279
2021-06-10,13.0,0.937
2021-06-09,9.0,0.5084
2021-06-08,14.0,0.4216
2021-06-07,25.0,1.2483
2021-06-06,47.0,4.6952
2021-06-05,9.0,0.3527
2021-06-04,91.0,2.1116
2021-06-03,15.0,0.7826
2021-06-02,11.0,0.156
2021-06-01,3.0,0.019
2021-05-31,8.0,0.4548
2021-05-30,22.0,0.9539
2021-05-29,33.0,2.6378
2021-05-28,17.0,1.0927
2021-05-27,20.0,0.9914
2021-05-26,13.0,0.8444
2021-05-25,20.0,0.4691
2021-05-24,3.0,0.0219
2021-05-23,20.0,1.3002
2021-05-22,17.0,0.8538
2021-05-21,11.0,0.2663
2021-05-20,20.0,1.0342
2021-05-19,19.0,0.4298
2021-05-18,19.0,1.4382
2021-05-17,35.0,1.938
2021-05-16,68.0,1.0935
2021-05-15,33.0,1.79
2021-05-14,24.0,1.0176
2021-05-13,25.0,1.8676
2021-05-12,21.0,1.2118
2021-05-11,23.0,0.801
2021-05-10,28.0,1.7613
2021-05-09,12.0,0.6744
2021-05-08,16.0,0.653
2021-05-07,18.0,0.924
2021-05-06,16.0,0.692
2021-05-05,15.0,0.7515
2021-05-04,26.0,1.1738
2021-05-03,21.0,1.0278
2021-05-02,53.0,2.714
2021-05-01,38.0,1.9396
2021-04-30,41.0,0.8089
2021-04-29,16.0,0.6475
2021-04-28,27.0,1.2728
2021-04-27,36.0,1.9488
2021-04-26,29.0,0.902
2021-04-25,12.0,0.6516
2021-04-24,26.0,0.9145
2021-04-23,33.0,1.3095
2021-04-22,36.0,1.2035
2021-04-21,16.0,0.8134
2021-04-20,37.0,1.3519
2021-04-19,42.0,1.8739
2021-04-18,45.0,2.3109
2021-04-17,27.0,1.1498
2021-04-16,59.0,3.6429
2021-04-15,17.0,0.9595
2021-04-14,37.0,1.3253
2021-04-13,54.0,2.4745
2021-04-12,35.0,2.5542
2021-04-11,36.0,3.1094
2021-04-10,23.0,1.0944
2021-04-09,25.0,1.8619
2021-04-08,58.0,4.6614
2021-04-07,99.0,1.4926
2021-04-06,46.0,2.4076
2021-04-05,20.0,0.7326
2021-04-04,60.0,2.8347
2021-04-03,25.0,1.3077
2021-04-02,40.0,2.2342
2021-04-01,31.0,1.4994
2021-03-31,40.0,2.4759
2021-03-30,33.0,1.215
2021-03-29,24.0,1.0381
2021-03-28,24.0,1.0641
2021-03-27,30.0,0.8676
2021-03-26,24.0,1.5353
2021-03-25,38.0,1.7593
2021-03-24,58.0,2.9967
2021-03-23,42.0,1.9923
2021-03-22,33.0,2.3398
2021-03-21,35.0,2.1901
2021-03-20,46.0,2.6303
2021-03-19,45.0,3.5568
2021-03-18,30.0,0.8168
2021-03-17,61.0,4.0636
2021-03-16,86.0,4.3333
2021-03-15,61.0,2.4126
2021-03-14,50.0,2.6314
2021-03-13,66.0,4.0832
2021-03-12,72.0,3.3338
2021-03-11,53.0,4.7534
2021-03-10,58.0,2.431
2021-03-09,95.0,5.7759
2021-03-08,66.0,2.937
2021-03-07,102.0,2.8012
2021-03-06,49.0,1.5882
2021-03-05,49.0,2.9202
2021-03-04,109.0,3.7812
2021-03-03,144.0,5.5693
2021-03-02,97.0,4.3355
2021-03-01,84.0,5.9137
2021-02-28,48.0,3.9551
2021-02-27,78.0,4.6824
2021-02-26,76.0,5.0195
2021-02-25,64.0,4.229
2021-02-24,58.0,5.5706
2021-02-23,52.0,1.45
2021-02-22,137.0,4.6794
2021-02-21,85.0,4.5908
2021-02-20,70.0,2.701
2021-02-19,65.0,1.9592
2021-02-18,58.0,4.4579
2021-02-17,95.0,6.7366
2021-02-16,148.0,5.103
2021-02-15,193.0,5.5078
2021-02-14,95.0,3.5191
2021-02-13,65.0,2.7337
2021-02-12,50.0,3.391
2021-02-11,92.0,6.0154
2021-02-10,104.0,4.5805
2021-02-09,145.0,7.4335
2021-02-08,165.0,6.9096
2021-02-07,119.0,6.112
2021-02-06,54.0,3.6823
2021-02-05,93.0,4.4724
2021-02-04,104.0,4.1955
2021-02-03,91.0,4.3837
2021-02-02,63.0,4.3463
2021-02-01,179.0,8.9321
2021-01-31,64.0,3.5523
2021-01-30,105.0,3.9422
2021-01-29,50.0,2.4348
2021-01-28,41.0,3.6698
2021-01-27,44.0,2.3749
2021-01-26,112.0,5.5276
2021-01-25,116.0,4.4308
2021-01-24,73.0,4.4806
2021-01-23,79.0,5.4525
2021-01-22,108.0,9.7598
2021-01-21,130.0,7.0336
2021-01-20,90.0,6.4077
2021-01-19,112.0,6.6916
2021-01-18,179.0,8.773
2021-01-17,102.0,4.4894
2021-01-16,59.0,3.1162
2021-01-15,63.0,1.8464
2021-01-14,98.0,3.7137
2021-01-13,82.0,3.838
2021-01-12,87.0,5.828
2021-01-11,167.0,8.4636
2021-01-10,103.0,4.6985
2021-01-09,69.0,5.3322
2021-01-08,145.0,6.9443
2021-01-07,122.0,5.7811
2021-01-06,127.0,5.3254
2021-01-05,182.0,11.1811
2021-01-04,196.0,5.9077
2021-01-03,65.0,3.0165
2021-01-02,55.0,2.7593
2021-01-01,34.0,2.1518
2023-01-01,20.0,1.114
2022-12-31,5.0,0.0156
2022-12-30,8.0,0.1679
2022-12-29,23.0,0.6208
2022-12-28,17.0,1.1514
2022-12-27,18.0,1.0697
2022-12-26,13.0,0.9854
2022-12-25,27.0,1.6534
2022-12-24,4.0,0.0489
2022-12-23,12.0,0.7009
2022-12-22,11.0,0.2747
2022-12-21,10.0,0.4143
2022-12-20,11.0,0.1847
2022-12-19,4.0,0.0362
2022-12-18,10.0,0.2625
2022-12-17,4.0,0.107
2022-12-16,11.0,0.7341
2022-12-15,8.0,0.402
2022-12-14,9.0,0.2052
2022-12-13,6.0,0.2722
2022-12-12,9.0,0.1382
2022-12-11,19.0,1.0884
2022-12-10,8.0,0.2161
2022-12-09,3.0,0.0753
2022-12-08,17.0,0.8867
2022-12-07,3.0,0.0203
2022-12-06,6.0,0.2688
2022-12-05,3.0,0.0532
2022-12-04,7.0,0.3468
2022-12-03,13.0,0.4241
2022-12-02,11.0,0.3239
2022-12-01,5.0,0.0754
2022-11-30,8.0,0.2306
2022-11-29,8.0,0.3548
2022-11-28,89.0,1.4341
2022-11-27,10.0,0.1587
2022-11-26,7.0,0.3705
2022-11-25,24.0,0.2289
2022-11-24,26.0,2.3735
2022-11-23,27.0,1.5467
2022-11-22,17.0,0.8767
2022-11-21,72.0,1.1267
2022-11-20,30.0,0.3304
2022-11-19,27.0,1.2408
2022-11-18,2.0,0.0267
2022-11-17,9.0,0.1191
2022-11-16,31.0,1.4019
2022-11-15,15.0,1.0993
2022-11-14,9.0,0.7336
2022-11-13,21.0,1.4225
2022-11-12,44.0,2.717
2022-11-11,30.0,3.1303
2022-11-10,4.0,0.2833
2022-11-09,15.0,0.4314
2022-11-08,41.0,3.1825
2022-11-07,21.0,1.491
2022-11-06,13.0,0.4454
2022-11-05,10.0,0.3739
2022-11-04,13.0,0.3229
2022-11-03,10.0,0.1693
2022-11-02,5.0,0.1789
2022-11-01,10.0,0.0803
2022-10-31,33.0,1.2608
2022-10-30,30.0,1.6269
2022-10-29,40.0,2.7082
2022-10-28,15.0,0.9553
2022-10-27,19.0,1.1093
2022-10-26,42.0,1.8625
2022-10-25,31.0,2.6382
2022-10-24,11.0,1.0728
2022-10-23,33.0,1.5089
2022-10-22,26.0,2.4117
2022-10-21,15.0,0.8567
2022-10-20,36.0,1.5866
2022-10-19,20.0,1.0669
2022-10-18,19.0,0.7245
2022-10-17,11.0,0.9262
2022-10-16,10.0,0.4795
2022-10-15,24.0,0.6309
2022-10-14,46.0,3.2586
2022-10-13,31.0,0.6322
2022-10-12,9.0,0.1219
2022-10-11,29.0,1.4971
2022-10-10,104.0,1.8629
2022-10-09,57.0,1.1687
2022-10-08,121.0,2.4317
2022-10-07,80.0,3.3287
2022-10-06,70.0,1.7031
2022-10-05,51.0,0.5314
2022-10-04,63.0,2.2644
2022-10-03,27.0,1.4947
2022-10-02,52.0,0.8408
2022-10-01,15.0,0.6121
2022-09-30,19.0,1.4657
2022-09-29,18.0,0.3532
2022-09-28,36.0,2.2273
2022-09-27,19.0,0.3732
2022-09-26,13.0,0.8293
2022-09-25,8.0,0.4191
2022-09-24,4.0,0.1032
2022-09-23,31.0,0.498
2022-09-22,34.0,2.5979
2022-09-21,26.0,0.9935
2022-09-20,26.0,1.2962
2022-09-19,21.0,1.048
2022-09-18,21.0,0.6429
2022-09-17,32.0,1.9107
2022-09-16,25.0,1.0753
2022-09-15,18.0,1.0641
2022-09-14,25.0,0.7772
2022-09-13,31.0,1.7851
2022-09-12,12.0,0.3204
2022-09-11,16.0,0.8123
2022-09-10,25.0,2.7917
2022-09-09,12.0,0.695
2022-09-08,16.0,0.8886
2022-09-07,39.0,1.2862
2022-09-06,24.0,0.4491
2022-09-05,27.0,1.0006
2022-09-04,15.0,0.3167
2022-09-03,20.0,1.2101
2022-09-02,29.0,0.8208
2022-09-01,29.0,0.884
2022-08-31,11.0,0.5038
2022-08-30,11.0,0.402
2022-08-29,4.0,0.2726
2022-08-28,1.0,0.0733
2022-08-27,9.0,0.2129
2022-08-26,3.0,0.0063
2022-08-25,14.0,0.651
2022-08-24,37.0,3.3805
2022-08-23,20.0,2.1362
2022-08-22,20.0,0.6312
2022-08-21,31.0,1.11
2022-08-20,14.0,0.5962
2022-08-19,9.0,0.5182
2022-08-18,17.0,0.4101
2022-08-17,84.0,1.388
2022-08-16,44.0,0.9791
2022-08-15,15.0,1.1428
2022-08-14,12.0,0.7343
2022-08-13,7.0,0.5025
2022-08-12,11.0,0.2803
2022-08-11,46.0,2.2992
2022-08-10,22.0,1.3874
2022-08-09,67.0,2.9192
2022-08-08,52.0,2.493
2022-08-07,13.0,0.4379
2022-08-06,15.0,1.2052
2022-08-05,182.0,1.1954
2022-08-04,31.0,2.1948
2022-08-03,40.0,4.296
2022-08-02,14.0,1.2511
2022-08-01,51.0,5.2943
2022-07-31,12.0,0.4567
2022-07-30,41.0,3.0643
2022-07-29,71.0,6.969
2022-07-28,45.0,3.1652
2022-07-27,15.0,1.2877
2022-07-26,29.0,2.2474
2022-07-25,52.0,3.4781
2022-07-24,63.0,4.8976
2022-07-23,40.0,2.3871
2022-07-22,31.0,1.4473
2022-07-21,25.0,1.385
2022-07-20,21.0,1.3591
2022-07-19,39.0,1.6755
2022-07-18,41.0,3.6502
2022-07-17,33.0,2.5777
2022-07-16,7.0,0.5106
2022-07-15,15.0,1.3412
2022-07-14,20.0,2.3311
2022-07-13,25.0,1.9567
2022-07-12,30.0,1.9146
2022-07-11,24.0,1.2082
2022-07-10,34.0,1.6406
2022-07-09,12.0,0.814
2022-07-08,14.0,0.3548
2022-07-07,37.0,0.5932
2022-07-06,19.0,1.3914
2022-07-05,31.0,1.2846
2022-07-04,54.0,0.842
2022-07-03,49.0,3.2703
2022-07-02,54.0,0.9274
2022-07-01,8.0,0.6332
2022-06-30,8.0,0.5422
2022-06-29,53.0,2.9844
2022-06-28,43.0,3.9048
2022-06-27,28.0,2.7201
2022-06-26,32.0,2.6773
2022-06-25,61.0,2.368
2022-06-24,29.0,1.0666
2022-06-23,57.0,1.8415
2022-06-22,33.0,1.8538
2022-06-21,58.0,3.4825
2022-06-20,32.0,1.974
2022-06-19,32.0,2.126
2022-06-18,52.0,3.0052
2022-06-17,60.0,4.7866
2022-06-16,44.0,2.8595
2022-06-15,44.0,3.804
2022-06-14,42.0,2.862
2022-06-13,41.0,1.9259
2022-06-12,8.0,0.1095
2022-06-11,23.0,1.9434
2022-06-10,29.0,1.3934
2022-06-09,30.0,2.0138
2022-06-08,14.0,1.3427
2022-06-07,14.0,0.7265
2022-06-06,19.0,1.3312
2022-06-05,25.0,2.1303
2022-06-04,21.0,0.5199
2022-06-03,13.0,0.7634
2022-06-02,20.0,0.7877
2022-06-01,21.0,1.5953
2022-05-31,23.0,1.2082
2022-05-30,12.0,0.1156
2022-05-29,44.0,1.4503
2022-05-28,44.0,1.623
2022-05-27,7.0,0.2082
2022-05-26,3.0,0.2279
2022-05-25,10.0,0.6699
2022-05-24,30.0,1.7349
2022-05-23,19.0,0.6957
2022-05-22,7.0,0.1523
2022-05-21,7.0,0.14
2022-05-20,13.0,0.5164
2022-05-19,22.0,0.5465
2022-05-18,12.0,0.4476
2022-05-17,15.0,1.0512
2022-05-16,7.0,0.085
2022-05-15,9.0,0.255
2022-05-14,26.0,1.5981
2022-05-13,25.0,1.0181
2022-05-12,10.0,0.8566
2022-05-11,16.0,0.6857
2022-05-10,22.0,0.2844
2022-05-09,6.0,0.0393
2022-05-08,16.0,0.3923
2022-05-07,25.0,0.3928
2022-05-06,17.0,1.4404
2022-05-05,20.0,0.5573
2022-05-04,20.0,1.5844
2022-05-03,47.0,3.0137
2022-05-02,26.0,1.5767
2022-05-01,24.0,0.8251
2022-04-30,21.0,1.1603
2022-04-29,18.0,1.2451
2022-04-28,8.0,0.0702
2022-04-27,39.0,1.0726
2022-04-26,30.0,1.6659
2022-04-25,10.0,0.4348
2022-04-24,21.0,0.5032
2022-04-23,57.0,0.8019
2022-04-22,33.0,1.5813
2022-04-21,46.0,1.9396
2022-04-20,37.0,1.9355
2022-04-19,33.0,1.6323
2022-04-18,43.0,1.5081
2022-04-17,40.0,0.6864
2022-04-16,38.0,4.5427
2022-04-15,51.0,1.8098
2022-04-14,34.0,1.4173
2022-04-13,40.0,3.1039
2022-04-12,13.0,0.6102
2022-04-11,32.0,1.4022
2022-04-10,35.0,2.1357
2022-04-09,31.0,1.7097
2022-04-08,62.0,3.1634
2022-04-07,30.0,1.9681
2022-04-06,21.0,1.3245
2022-04-05,34.0,1.071
2022-04-04,45.0,1.6185
2022-04-03,46.0,3.8321
2022-04-02,56.0,3.8399
2022-04-01,77.0,3.4285
2022-03-31,55.0,3.264
2022-03-30,109.0,6.0076
2022-03-29,36.0,3.1312
2022-03-28,56.0,2.5116
2022-03-27,42.0,2.7087
2022-03-26,88.0,4.282
2022-03-25,49.0,2.4936
2022-03-24,46.0,2.5599
2022-03-23,38.0,2.6165
2022-03-22,38.0,1.9965
2022-03-21,84.0,5.378
2022-03-20,54.0,3.6344
2022-03-19,40.0,1.0145
2022-03-18,119.0,3.5788
2022-03-17,20.0,1.4503
2022-03-16,20.0,0.6868
2022-03-15,39.0,2.4322
2022-03-14,26.0,1.1733
2022-03-13,22.0,0.9552
2022-03-12,30.0,1.7591
2022-03-11,25.0,1.3385
2022-03-10,25.0,0.7082
2022-03-09,39.0,2.0441
2022-03-08,38.0,1.735
2022-03-07,5.0,0.2219
2022-03-06,10.0,0.4316
2022-03-05,28.0,1.5422
2022-03-04,33.0,1.9585
2022-03-03,35.0,2.1603
2022-03-02,41.0,1.8049
2022-03-01,29.0,1.5821
2022-02-28,47.0,3.0895
2022-02-27,37.0,2.6816
2022-02-26,48.0,2.5276
2022-02-25,33.0,2.5353
2022-02-24,21.0,1.7117
2022-02-23,42.0,1.2942
2022-02-22,17.0,0.0621
2022-02-21,28.0,1.67
2022-02-20,37.0,2.3716
2022-02-19,34.0,1.8086
2022-02-18,20.0,0.5367
2022-02-17,35.0,2.2644
2022-02-16,34.0,1.2174
2022-02-15,34.0,0.642
2022-02-14,31.0,2.4874
2022-02-13,25.0,2.5543
2022-02-12,19.0,1.0005
2022-02-11,16.0,0.3454
2022-02-10,18.0,0.1556
2022-02-09,23.0,0.4903
2022-02-08,36.0,1.5372
2022-02-07,37.0,1.2774
2022-02-06,35.0,1.6322
2022-02-05,41.0,2.7349
2022-02-04,9.0,0.8239
2022-02-03,11.0,0.6867
2022-02-02,40.0,1.7443
2022-02-01,44.0,1.7532
2022-01-31,51.0,5.0486
2022-01-30,38.0,2.1872
2022-01-29,18.0,1.0927
2022-01-28,26.0,1.287
2022-01-27,19.0,1.1781
2022-01-26,72.0,3.5899
2022-01-25,32.0,1.669
2022-01-24,44.0,2.157
2022-01-23,18.0,0.9664
2022-01-22,22.0,1.2201
2022-01-21,58.0,3.3997
2022-01-20,42.0,1.5294
2022-01-19,41.0,1.5617
2022-01-18,45.0,2.1207
2022-01-17,22.0,1.2987
2022-01-16,42.0,2.3836
2022-01-15,34.0,1.3208
2022-01-14,44.0,1.4493
2022-01-13,30.0,0.9865
2022-01-12,31.0,1.7777
2022-01-11,48.0,2.6318
2022-01-10,13.0,0.4069
2022-01-09,22.0,1.1747
2022-01-08,22.0,0.9661
2022-01-07,34.0,2.3299
2022-01-06,12.0,0.6871
2022-01-05,31.0,1.5701
2022-01-04,21.0,1.3137
2022-01-03,32.0,2.3724
2022-01-02,49.0,2.9971
2022-01-01,34.0,1.6663
2023-12-31,6.0,0.8674
2023-12-30,23.0,0.8288
2023-12-29,5.0,0.1683
2023-12-28,17.0,1.0546
2023-12-27,12.0,0.5092
2023-12-26,33.0,1.4073
2023-12-25,18.0,0.4253
2023-12-24,22.0,0.3569
2023-12-23,33.0,0.911
2023-12-22,22.0,1.4765
2023-12-21,15.0,0.8612
2023-12-20,24.0,0.2693
2023-12-19,17.0,0.7436
2023-12-18,21.0,1.195
2023-12-17,28.0,0.6861
2023-12-16,40.0,1.303
2023-12-15,4.0,0.2563
2023-12-14,28.0,1.4339
2023-12-13,41.0,1.0139
2023-12-12,53.0,0.9336
2023-12-11,24.0,0.8554
2023-12-10,28.0,0.6001
2023-12-09,11.0,0.6378
2023-12-08,9.0,0.1002
2023-12-07,19.0,0.5057
2023-12-06,14.0,0.3728
2023-12-05,22.0,0.6478
2023-12-04,20.0,0.676
2023-12-03,45.0,0.973
2023-12-02,7.0,0.7834
2023-12-01,12.0,0.7289
2023-11-30,18.0,0.3879
2023-11-29,17.0,0.6666
2023-11-28,15.0,1.8307
2023-11-27,42.0,1.7519
2023-11-26,27.0,1.5731
2023-11-25,16.0,0.9335
2023-11-24,19.0,0.3919
2023-11-23,16.0,0.244
2023-11-22,17.0,0.5952
2023-11-21,14.0,0.23
2023-11-20,6.0,0.0695
2023-11-19,14.0,0.6063
2023-11-18,8.0,0.5235
2023-11-17,24.0,1.3971
2023-11-16,32.0,0.9125
2023-11-15,20.0,0.6238
2023-11-14,5.0,0.2706
2023-11-13,18.0,0.5062
2023-11-12,6.0,0.0601
2023-11-11,4.0,0.0228
2023-11-10,42.0,2.0085
2023-11-09,32.0,0.7748
2023-11-08,24.0,1.4801
2023-11-07,8.0,0.5541
2023-11-06,20.0,0.7638
2023-11-05,30.0,2.0004
2023-11-04,4.0,0.033
2023-11-03,14.0,0.6598
2023-11-02,16.0,0.749
2023-11-01,42.0,0.9007
2023-10-31,17.0,1.2363
2023-10-30,29.0,0.7356
2023-10-29,10.0,0.6013
2023-10-28,6.0,0.2456
2023-10-27,15.0,0.4844
2023-10-26,55.0,3.4994
2023-10-25,13.0,1.5888
2023-10-24,13.0,0.3231
2023-10-23,35.0,1.1907
2023-10-22,4.0,0.0146
2023-10-21,61.0,0.9092
2023-10-20,1.0,0.1559
2023-10-19,13.0,0.8462
2023-10-18,13.0,0.5185
2023-10-17,40.0,2.8945
2023-10-16,1.0,0.0141
2023-10-15,5.0,0.2119
2023-10-14,9.0,0.525
2023-10-13,20.0,0.8451
2023-10-12,33.0,1.7274
2023-10-11,21.0,1.035
2023-10-10,20.0,1.1373
2023-10-09,5.0,0.2897
2023-10-08,10.0,0.8793
2023-10-07,48.0,3.1738
2023-10-06,23.0,1.7112
2023-10-05,28.0,1.6495
2023-10-04,10.0,0.255
2023-10-03,1.0,0.0064
2023-10-02,14.0,0.1612
2023-10-01,4.0,0.0442
2023-09-30,7.0,0.2849
2023-09-29,5.0,0.1361
2023-09-28,3.0,0.0802
2023-09-27,6.0,0.0639
2023-09-26,11.0,0.0456
2023-09-25,9.0,0.6874
2023-09-24,3.0,0.0318
2023-09-23,1.0,0.0083
2023-09-21,9.0,0.1732
2023-09-20,17.0,0.9886
2023-09-19,5.0,0.1705
2023-09-18,12.0,0.7385
2023-09-17,7.0,0.6836
2023-09-16,3.0,0.0413
2023-09-15,5.0,0.0336
2023-09-14,11.0,0.6866
2023-09-13,2.0,0.1231
2023-09-12,5.0,0.1289
2023-09-11,8.0,0.2927
2023-09-10,3.0,0.1457
2023-09-09,2.0,0.0205
2023-09-08,16.0,0.3952
2023-09-07,4.0,0.0366
2023-09-06,18.0,0.8745
2023-09-05,8.0,0.1502
2023-09-04,6.0,0.2041
2023-09-03,15.0,0.5426
2023-09-02,2.0,0.0266
2023-09-01,9.0,1.1111
2023-08-31,27.0,1.461
2023-08-30,5.0,0.1637
2023-08-29,3.0,0.1988
2023-08-28,7.0,0.967
2023-08-27,26.0,2.1397
2023-08-26,16.0,0.5314
2023-08-25,9.0,0.4601
2023-08-24,21.0,1.7049
2023-08-23,14.0,1.0903
2023-08-22,14.0,0.7254
2023-08-21,1.0,0.0073
2023-08-20,2.0,0.0308
2023-08-19,2.0,0.085
2023-08-18,1.0,0.0157
2023-08-17,3.0,0.0224
2023-08-16,40.0,1.1798
2023-08-15,17.0,0.9536
2023-08-14,14.0,0.6437
2023-08-13,23.0,0.7822
2023-08-12,21.0,2.3695
2023-08-11,20.0,1.1396
2023-08-10,22.0,1.5116
2023-08-09,6.0,0.4296
2023-08-08,33.0,1.6371
2023-08-07,16.0,0.7334
2023-08-06,6.0,0.0902
2023-08-05,17.0,1.5016
2023-08-04,25.0,2.2952
2023-08-03,6.0,0.3011
2023-08-02,7.0,0.0905
2023-08-01,8.0,0.3125
2023-07-31,2.0,0.2753
2023-07-30,10.0,0.7023
2023-07-29,4.0,0.0825
2023-07-28,9.0,0.7425
2023-07-27,5.0,0.0984
2023-07-26,9.0,0.7298
2023-07-25,21.0,1.0009
2023-07-24,24.0,1.1012
2023-07-23,4.0,0.0854
2023-07-22,8.0,0.1858
2023-07-21,3.0,0.081
2023-07-20,16.0,0.6119
2023-07-19,12.0,0.4891
2023-07-18,13.0,0.4474
2023-07-17,6.0,0.6653
2023-07-16,3.0,0.008
2023-07-15,12.0,0.3514
2023-07-14,3.0,0.1972
2023-07-13,5.0,0.1973
2023-07-12,2.0,0.0385
2023-07-11,9.0,0.0724
2023-07-10,12.0,0.384
2023-07-09,5.0,0.2753
2023-07-08,10.0,0.5
2023-07-07,1.0,0.0103
2023-07-06,3.0,0.044
2023-07-05,4.0,0.0074
2023-07-03,1.0,0.0079
2023-07-02,3.0,0.0636
2023-07-01,5.0,0.0693
2023-06-30,7.0,0.0637
2023-06-29,20.0,1.0101
2023-06-28,3.0,0.1135
2023-06-27,9.0,0.797
2023-06-26,11.0,0.4871
2023-06-25,12.0,1.0275
2023-06-24,5.0,0.1214
2023-06-23,8.0,0.1876
2023-06-22,21.0,1.2711
2023-06-21,7.0,0.3137
2023-06-20,5.0,0.1678
2023-06-19,13.0,0.7496
2023-06-18,10.0,0.3851
2023-06-17,11.0,0.4144
2023-06-15,6.0,0.1507
2023-06-14,6.0,0.2066
2023-06-13,18.0,0.6562
2023-06-12,10.0,0.7156
2023-06-11,7.0,0.361
2023-06-10,1.0,0.0112
2023-06-09,9.0,0.4175
2023-06-08,6.0,0.3714
2023-06-07,6.0,0.058
2023-06-06,27.0,0.3593
2023-06-05,5.0,0.249
2023-06-04,8.0,0.1293
2023-06-03,4.0,0.0382
2023-06-02,9.0,0.4023
2023-06-01,2.0,0.0043
2023-05-31,27.0,1.3778
2023-05-30,9.0,0.529
2023-05-29,15.0,0.802
2023-05-28,13.0,0.2393
2023-05-27,2.0,0.0121
2023-05-26,5.0,0.0621
2023-05-25,2.0,0.1593
2023-05-24,2.0,0.0307
2023-05-23,4.0,0.0444
2023-05-22,5.0,0.0718
2023-05-21,11.0,0.7241
2023-05-20,6.0,0.0777
2023-05-19,6.0,0.3274
2023-05-18,6.0,0.2791
2023-05-17,6.0,0.3162
2023-05-16,8.0,0.5177
2023-05-15,15.0,1.1468
2023-05-14,2.0,0.2381
2023-05-13,1.0,0.008
2023-05-12,12.0,0.8019
2023-05-11,6.0,0.1848
2023-05-10,2.0,0.0303
2023-05-09,10.0,0.3679
2023-05-08,3.0,0.0502
2023-05-07,2.0,0.0269
2023-05-06,4.0,0.0367
2023-05-05,3.0,0.2871
2023-05-04,3.0,0.045
2023-05-03,3.0,0.0431
2023-05-02,1.0,0.0438
2023-05-01,15.0,0.5094
2023-04-30,13.0,1.355
2023-04-29,2.0,0.0071
2023-04-28,2.0,0.0942
2023-04-27,28.0,0.9025
2023-04-26,31.0,2.1276
2023-04-25,25.0,1.0202
2023-04-24,18.0,0.6503
2023-04-23,15.0,0.822
2023-04-22,12.0,0.6463
2023-04-21,3.0,0.0239
2023-04-20,8.0,0.4448
2023-04-19,10.0,0.3714
2023-04-18,6.0,0.0483
2023-04-17,8.0,0.1486
2023-04-16,10.0,0.4495
2023-04-15,22.0,1.2244
2023-04-14,30.0,0.8281
2023-04-13,4.0,0.035
2023-04-12,3.0,0.1725
2023-04-11,23.0,1.6632
2023-04-10,6.0,0.1293
2023-04-09,3.0,0.0546
2023-04-08,2.0,0.042
2023-04-07,4.0,0.255
2023-04-06,5.0,0.8759
2023-04-05,2.0,0.005
2023-04-04,12.0,0.2879
2023-04-02,19.0,0.5626
2023-04-01,14.0,0.7379
2023-03-31,15.0,0.7215
2023-03-30,21.0,1.9848
2023-03-29,20.0,1.8753
2023-03-28,13.0,0.5617
2023-03-27,18.0,0.8086
2023-03-26,12.0,0.4424
2023-03-24,3.0,0.0888
2023-03-23,14.0,0.5073
2023-03-22,6.0,0.3901
2023-03-21,2.0,0.5647
2023-03-20,2.0,0.0221
2023-03-19,52.0,0.9069
2023-03-18,4.0,0.238
2023-03-17,3.0,0.2739
2023-03-16,8.0,0.2051
2023-03-15,15.0,0.8363
2023-03-14,5.0,0.4523
2023-03-13,9.0,0.292
2023-03-12,3.0,0.1246
2023-03-11,8.0,0.1109
2023-03-10,10.0,0.5434
2023-03-09,17.0,1.4113
2023-03-08,11.0,0.6391
2023-03-07,25.0,0.4847
2023-03-06,15.0,0.9915
2023-03-05,28.0,1.3057
2023-03-04,17.0,0.5642
2023-03-03,22.0,0.5884
2023-03-02,1.0,0.0006
2023-03-01,21.0,0.6583
2023-02-28,34.0,2.1835
2023-02-27,25.0,2.6114
2023-02-26,16.0,0.8564
2023-02-25,27.0,1.5691
2023-02-24,15.0,1.0047
2023-02-23,31.0,1.5399
2023-02-22,27.0,1.1316
2023-02-21,9.0,0.3985
2023-02-20,4.0,0.5391
2023-02-18,15.0,1.1024
2023-02-17,12.0,0.8836
2023-02-16,10.0,0.1055
2023-02-15,10.0,0.5233
2023-02-14,22.0,1.4563
2023-02-13,21.0,0.7084
2023-02-12,25.0,1.3458
2023-02-11,18.0,1.2803
2023-02-10,13.0,0.2349
2023-02-09,10.0,0.5409
2023-02-08,17.0,1.1379
2023-02-07,3.0,0.0097
2023-02-06,13.0,0.7821
2023-02-05,8.0,1.3258
2023-02-04,9.0,0.4625
2023-02-03,13.0,0.947
2023-02-02,11.0,0.6434
2023-02-01,4.0,0.3288
2023-01-31,10.0,0.5918
2023-01-30,15.0,0.4979
2023-01-29,17.0,0.6497
2023-01-28,20.0,1.6833
2023-01-27,25.0,1.1403
2023-01-26,16.0,0.3937
2023-01-25,25.0,1.3563
2023-01-24,22.0,0.8821
2023-01-23,37.0,0.4973
2023-01-22,17.0,1.0793
2023-01-21,5.0,0.2562
2023-01-20,44.0,2.1371
2023-01-19,30.0,1.1478
2023-01-18,13.0,0.9091
2023-01-17,23.0,2.6413
2023-01-16,16.0,0.671
2023-01-15,18.0,1.173
2023-01-14,21.0,0.7623
2023-01-13,16.0,1.4797
2023-01-12,14.0,0.5435
2023-01-11,11.0,0.8395
2023-01-10,6.0,0.094
2023-01-09,5.0,0.1545
2023-01-08,5.0,0.0165
2023-01-07,23.0,1.0997
2023-01-06,7.0,0.0478
2023-01-05,24.0,1.0658
2023-01-04,5.0,0.5149
2023-01-03,29.0,1.7787
2023-01-02,19.0,1.6123
2023-01-01,20.0,1.114
2024-11-01,74.0,3.898
2024-10-31,32.0,2.3267
2024-10-30,73.0,4.7921
2024-10-29,61.0,3.6424
2024-10-28,59.0,3.1872
2024-10-27,15.0,1.1536
2024-10-26,18.0,1.0842
2024-10-25,35.0,2.4383
2024-10-24,62.0,3.7534
2024-10-23,60.0,3.6413
2024-10-22,44.0,2.4918
2024-10-21,27.0,0.5609
2024-10-20,25.0,2.2977
2024-10-19,12.0,0.5352
2024-10-18,40.0,1.7664
2024-10-17,25.0,0.5068
2024-10-16,75.0,3.6307
2024-10-15,60.0,2.9781
2024-10-14,21.0,1.0711
2024-10-13,41.0,1.8298
2024-10-12,27.0,1.763
2024-10-11,36.0,2.4265
2024-10-10,39.0,2.2513
2024-10-09,66.0,2.5349
2024-10-08,46.0,2.0334
2024-10-07,52.0,4.1396
2024-10-06,28.0,0.9032
2024-10-05,23.0,1.0835
2024-10-04,37.0,2.137
2024-10-03,55.0,1.3706
2024-10-02,33.0,2.0502
2024-10-01,47.0,3.6742
2024-09-30,57.0,2.6792
2024-09-29,33.0,2.8209
2024-09-28,31.0,2.1154
2024-09-27,27.0,1.8844
2024-09-26,32.0,1.531
2024-09-25,33.0,1.9432
2024-09-24,118.0,5.336
2024-09-23,21.0,0.7176
2024-09-22,45.0,2.2286
2024-09-21,26.0,1.0756
2024-09-20,22.0,0.776
2024-09-19,35.0,0.9629
2024-09-18,47.0,1.0066
2024-09-17,61.0,2.0246
2024-09-16,49.0,2.631
2024-09-15,58.0,3.3027
2024-09-14,28.0,1.1124
2024-09-13,12.0,0.426
2024-09-12,49.0,2.4729
2024-09-11,30.0,0.6144
2024-09-10,41.0,0.9664
2024-09-09,67.0,1.4438
2024-09-08,20.0,0.4528
2024-09-07,19.0,0.8627
2024-09-06,30.0,1.4202
2024-09-05,51.0,2.1258
2024-09-04,77.0,4.2886
2024-09-03,82.0,2.5915
2024-09-02,94.0,3.7973
2024-09-01,25.0,1.1026
2024-08-31,15.0,0.4046
2024-08-30,18.0,1.1419
2024-08-29,34.0,1.9461
2024-08-28,29.0,1.3198
2024-08-27,36.0,0.5806
2024-08-26,33.0,1.2796
2024-08-25,37.0,2.3281
2024-08-24,14.0,1.0395
2024-08-23,47.0,3.2839
2024-08-22,24.0,1.3748
2024-08-21,30.0,1.3044
2024-08-20,33.0,1.6154
2024-08-19,16.0,0.4058
2024-08-18,19.0,0.7193
2024-08-17,30.0,0.9376
2024-08-16,23.0,1.1306
2024-08-15,24.0,0.9806
2024-08-14,22.0,1.5688
2024-08-13,10.0,0.1244
2024-08-12,20.0,0.7823
2024-08-11,16.0,0.4246
2024-08-10,41.0,4.3284
2024-08-09,29.0,1.4806
2024-08-08,18.0,1.1309
2024-08-07,14.0,1.0561
2024-08-06,51.0,4.4039
2024-08-05,61.0,3.5796
2024-08-04,17.0,1.3469
2024-08-03,18.0,1.5899
2024-08-02,50.0,3.5387
2024-08-01,44.0,4.6498
2024-07-31,27.0,1.3318
2024-07-30,85.0,9.2777
2024-07-29,71.0,5.7256
2024-07-28,47.0,2.9983
2024-07-27,22.0,1.2482
2024-07-26,39.0,3.3154
2024-07-25,28.0,2.0801
2024-07-24,13.0,0.5985
2024-07-23,31.0,2.28
2024-07-22,64.0,3.0669
2024-07-21,18.0,0.7623
2024-07-20,51.0,3.3488
2024-07-19,36.0,3.2402
2024-07-18,52.0,2.4567
2024-07-17,44.0,2.9393
2024-07-16,37.0,0.9011
2024-07-15,26.0,2.8141
2024-07-14,18.0,0.8722
2024-07-13,8.0,0.3372
2024-07-12,2.0,0.0741
2024-07-11,26.0,1.6081
2024-07-10,14.0,1.2183
2024-07-09,24.0,1.7479
2024-07-08,8.0,0.1196
2024-07-07,12.0,0.6517
2024-07-06,41.0,3.2678
2024-07-05,6.0,0.2653
2024-07-04,9.0,1.0993
2024-07-03,4.0,0.2676
2024-07-02,11.0,1.2162
2024-07-01,25.0,1.6379
2024-06-30,103.0,3.2583
2024-06-29,83.0,4.0169
2024-06-28,32.0,4.337
2024-06-27,39.0,2.3009
2024-06-26,40.0,3.129
2024-06-25,20.0,1.0936
2024-06-24,28.0,1.2487
2024-06-23,28.0,0.9382
2024-06-22,14.0,0.659
2024-06-21,10.0,0.9768
2024-06-20,9.0,0.4866
2024-06-19,9.0,0.8984
2024-06-18,2.0,0.0206
2024-06-17,9.0,0.1954
2024-06-16,16.0,1.023
2024-06-15,19.0,1.4756
2024-06-14,6.0,0.2968
2024-06-13,5.0,0.4178
2024-06-12,25.0,0.7077
2024-06-11,16.0,0.5479
2024-06-10,12.0,0.3464
2024-06-09,9.0,0.1729
2024-06-08,12.0,0.7511
2024-06-07,6.0,0.2211
2024-06-06,14.0,1.382
2024-06-05,7.0,0.1839
2024-06-04,2.0,0.0332
2024-06-03,3.0,0.1115
2024-06-02,8.0,0.0342
2024-06-01,1.0,0.0011
2024-05-31,11.0,0.2343
2024-05-30,9.0,0.2327
2024-05-29,19.0,0.4909
2024-05-28,34.0,1.5568
2024-05-27,7.0,0.078
2024-05-26,12.0,0.2132
2024-05-25,34.0,2.2818
2024-05-24,12.0,0.5742
2024-05-23,23.0,1.3616
2024-05-22,20.0,1.961
2024-05-21,25.0,0.3324
2024-05-20,25.0,1.5259
2024-05-19,28.0,1.7858
2024-05-18,3.0,0.2243
2024-05-17,13.0,0.9869
2024-05-16,7.0,0.1031
2024-05-15,27.0,1.4611
2024-05-14,13.0,0.4184
2024-05-13,10.0,0.183
2024-05-12,17.0,0.5866
2024-05-11,25.0,1.0325
2024-05-10,24.0,1.3128
2024-05-09,35.0,2.5676
2024-05-08,10.0,0.4717
2024-05-07,15.0,0.5371
2024-05-06,23.0,1.2359
2024-05-05,14.0,0.7488
2024-05-04,16.0,0.6307
2024-05-03,20.0,0.229
2024-05-02,19.0,0.2996
2024-05-01,19.0,0.8508
2024-04-30,17.0,0.7124
2024-04-29,36.0,1.1439
2024-04-28,50.0,1.8256
2024-04-27,15.0,0.6054
2024-04-26,37.0,1.4783
2024-04-25,56.0,1.5315
2024-04-24,13.0,0.2559
2024-04-23,28.0,0.7998
2024-04-22,25.0,1.2341
2024-04-21,38.0,2.4177
2024-04-20,40.0,2.7999
2024-04-19,9.0,0.0993
2024-04-18,27.0,0.9863
2024-04-17,15.0,0.5956
2024-04-16,10.0,0.2648
2024-04-15,14.0,0.5274
2024-04-14,5.0,0.0506
2024-04-13,11.0,0.4674
2024-04-12,17.0,0.8184
2024-04-11,30.0,0.7454
2024-04-10,29.0,0.4376
2024-04-09,17.0,0.1978
2024-04-08,23.0,0.4462
2024-04-07,22.0,0.799
2024-04-06,16.0,0.6407
2024-04-05,19.0,0.9602
2024-04-04,45.0,1.2834
2024-04-03,28.0,1.2645
2024-04-02,19.0,1.0318
2024-04-01,11.0,0.2977
2024-03-31,31.0,0.9693
2024-03-30,7.0,0.4691
2024-03-29,17.0,0.5799
2024-03-28,22.0,0.6174
2024-03-27,15.0,0.4954
2024-03-26,23.0,1.024
2024-03-25,15.0,0.7701
2024-03-24,8.0,0.4676
2024-03-23,63.0,5.5425
2024-03-22,60.0,2.4663
2024-03-21,16.0,0.4812
2024-03-20,17.0,0.5746
2024-03-19,8.0,0.1255
2024-03-18,9.0,0.1604
2024-03-17,9.0,0.6548
2024-03-16,16.0,0.461
2024-03-15,29.0,1.6189
2024-03-14,25.0,1.1229
2024-03-13,48.0,2.9958
2024-03-12,23.0,0.8258
2024-03-11,10.0,0.3694
2024-03-10,8.0,0.4982
2024-03-09,7.0,0.0845
2024-03-08,2.0,0.4004
2024-03-07,23.0,0.4513
2024-03-06,23.0,0.716
2024-03-05,19.0,0.5665
2024-03-04,47.0,2.3515
2024-03-03,61.0,2.9613
2024-03-02,25.0,0.6622
2024-03-01,36.0,2.4007
2024-02-29,33.0,1.024
2024-02-28,32.0,0.9975
2024-02-27,14.0,0.7428
2024-02-26,16.0,0.4943
2024-02-25,25.0,1.1618
2024-02-24,10.0,0.3779
2024-02-23,9.0,0.3638
2024-02-22,29.0,1.1685
2024-02-21,41.0,3.5208
2024-02-20,14.0,0.2591
2024-02-19,19.0,1.466
2024-02-18,72.0,5.2088
2024-02-17,33.0,1.4401
2024-02-16,28.0,1.595
2024-02-15,40.0,1.7805
2024-02-14,35.0,1.6083
2024-02-13,34.0,1.6511
2024-02-12,45.0,2.9329
2024-02-11,58.0,3.1282
2024-02-10,12.0,0.6004
2024-02-09,26.0,1.1965
2024-02-08,23.0,0.6365
2024-02-07,34.0,1.4182
2024-02-06,22.0,0.526
2024-02-05,21.0,0.5296
2024-02-04,21.0,0.9319
2024-02-03,29.0,1.3065
2024-02-02,33.0,0.9357
2024-02-01,18.0,0.8646
2024-01-31,39.0,2.244
2024-01-30,18.0,0.543
2024-01-29,15.0,0.8807
2024-01-28,52.0,1.3584
2024-01-27,53.0,3.234
2024-01-26,23.0,1.025
2024-01-25,5.0,0.2778
2024-01-24,27.0,0.965
2024-01-23,27.0,1.3591
2024-01-22,76.0,3.5258
2024-01-21,67.0,1.7417
2024-01-20,8.0,0.4371
2024-01-19,27.0,0.4687
2024-01-18,46.0,1.8495
2024-01-17,87.0,4.0339
2024-01-16,61.0,3.3284
2024-01-15,44.0,3.3475
2024-01-14,37.0,1.3465
2024-01-13,39.0,2.9206
2024-01-12,13.0,0.4196
2024-01-11,27.0,2.3037
2024-01-10,47.0,1.5636
2024-01-09,40.0,1.0706
2024-01-08,6.0,0.0637
2024-01-07,61.0,3.5941
2024-01-06,27.0,1.086
2024-01-05,47.0,5.2109
2024-01-04,10.0,0.1659
2024-01-03,8.0,0.2443
2024-01-02,12.0,0.149
2024-01-01,17.0,1.1781
2023-12-31,6.0,0.8674
2023-12-30,23.0,0.8288
2023-12-29,5.0,0.1683
2023-12-28,17.0,1.0546
2023-12-27,12.0,0.5092
2023-12-26,33.0,1.4073
2023-12-25,18.0,0.4253
2023-12-24,22.0,0.3569
2023-12-23,33.0,0.911
2023-12-22,22.0,1.4765
2023-12-21,15.0,0.8612
2023-12-20,24.0,0.2693
2023-12-19,17.0,0.7436
2023-12-18,21.0,1.195
2023-12-17,28.0,0.6861
2023-12-16,40.0,1.303
2023-12-15,4.0,0.2563
2023-12-14,28.0,1.4339
2023-12-13,41.0,1.0139
2023-12-12,53.0,0.9336
2023-12-11,24.0,0.8554
2023-12-10,28.0,0.6001
2023-12-09,11.0,0.6378
2023-12-08,9.0,0.1002
2023-12-07,19.0,0.5057
2023-12-06,14.0,0.3728
2023-12-05,22.0,0.6478
2023-12-04,20.0,0.676
2023-12-03,45.0,0.973
2023-12-02,7.0,0.7834
2023-12-01,12.0,0.7289
2023-11-30,18.0,0.3879
2023-11-29,17.0,0.6666
2023-11-28,15.0,1.8307
2023-11-27,42.0,1.7519
2023-11-26,27.0,1.5731
2023-11-25,16.0,0.9335
2023-11-24,19.0,0.3919
2023-11-23,16.0,0.244
2023-11-22,17.0,0.5952
2023-11-21,14.0,0.23
2023-11-20,6.0,0.0695
2023-11-19,14.0,0.6063
2023-11-18,8.0,0.5235
2023-11-17,24.0,1.3971
2023-11-16,32.0,0.9125
2023-11-15,20.0,0.6238
2023-11-14,5.0,0.2706
2023-11-13,18.0,0.5062
2023-11-12,6.0,0.0601
2023-11-11,4.0,0.0228
2023-11-10,42.0,2.0085
2023-11-09,32.0,0.7748
2023-11-08,24.0,1.4801
2023-11-07,8.0,0.5541
2023-11-06,20.0,0.7638
2023-11-05,30.0,2.0004
2023-11-04,4.0,0.033
2023-11-03,14.0,0.6598
2023-11-02,16.0,0.749
2023-11-01,42.0,0.9007
2023-10-31,17.0,1.2363
2023-10-30,29.0,0.7356
2023-10-29,10.0,0.6013
2023-10-28,6.0,0.2456
2023-10-27,15.0,0.4844
2023-10-26,55.0,3.4994
2023-10-25,13.0,1.5888
2023-10-24,13.0,0.3231
2023-10-23,35.0,1.1907
2023-10-22,4.0,0.0146
2023-10-21,61.0,0.9092
2023-10-20,1.0,0.1559
2023-10-19,13.0,0.8462
2023-10-18,13.0,0.5185
2023-10-17,40.0,2.8945
2023-10-16,1.0,0.0141
2023-10-15,5.0,0.2119
2023-10-14,9.0,0.525
2023-10-13,20.0,0.8451
2023-10-12,33.0,1.7274
2023-10-11,21.0,1.035
2023-10-10,20.0,1.1373
2023-10-09,5.0,0.2897
2023-10-08,10.0,0.8793
2023-10-07,48.0,3.1738
2023-10-06,23.0,1.7112
2023-10-05,28.0,1.6495
2023-10-04,10.0,0.255
2023-10-03,1.0,0.0064
2023-10-02,14.0,0.1612
2023-10-01,4.0,0.0442
2023-09-30,7.0,0.2849
2023-09-29,5.0,0.1361
2023-09-28,3.0,0.0802
2023-09-27,6.0,0.0639
2023-09-26,11.0,0.0456
2023-09-25,9.0,0.6874
2023-09-24,3.0,0.0318
2023-09-23,1.0,0.0083
2023-09-21,9.0,0.1732
2023-09-20,17.0,0.9886
2023-09-19,5.0,0.1705
2023-09-18,12.0,0.7385
2023-09-17,7.0,0.6836
2023-09-16,3.0,0.0413
2023-09-15,5.0,0.0336
2023-09-14,11.0,0.6866
2023-09-13,2.0,0.1231
2023-09-12,5.0,0.1289
2023-09-11,8.0,0.2927
2023-09-10,3.0,0.1457
2023-09-09,2.0,0.0205
2023-09-08,16.0,0.3952
2023-09-07,4.0,0.0366
2023-09-06,18.0,0.8745
2023-09-05,8.0,0.1502
2023-09-04,6.0,0.2041
2023-09-03,15.0,0.5426
2023-09-02,2.0,0.0266
2023-09-01,9.0,1.1111
2023-08-31,27.0,1.461
2023-08-30,5.0,0.1637
2023-08-29,3.0,0.1988
2023-08-28,7.0,0.967
2023-08-27,26.0,2.1397
2023-08-26,16.0,0.5314
2023-08-25,9.0,0.4601
2023-08-24,21.0,1.7049
2023-08-23,14.0,1.0903
2023-08-22,14.0,0.7254
2023-08-21,1.0,0.0073
2023-08-20,2.0,0.0308
2023-08-19,2.0,0.085
2023-08-18,1.0,0.0157
2023-08-17,3.0,0.0224
2023-08-16,40.0,1.1798
2023-08-15,17.0,0.9536
2023-08-14,14.0,0.6437
2023-08-13,23.0,0.7822
2023-08-12,21.0,2.3695
2023-08-11,20.0,1.1396
2023-08-10,22.0,1.5116
2023-08-09,6.0,0.4296
2023-08-08,33.0,1.6371
2023-08-07,16.0,0.7334
2023-08-06,6.0,0.0902
2023-08-05,17.0,1.5016
2023-08-04,25.0,2.2952
2023-08-03,6.0,0.3011
2023-08-02,7.0,0.0905
2023-08-01,8.0,0.3125
2023-07-31,2.0,0.2753
2023-07-30,10.0,0.7023
2023-07-29,4.0,0.0825
2023-07-28,9.0,0.7425
2023-07-27,5.0,0.0984
2023-07-26,9.0,0.7298
2023-07-25,21.0,1.0009
2023-07-24,24.0,1.1012
2023-07-23,4.0,0.0854
2023-07-22,8.0,0.1858
2023-07-21,3.0,0.081
2023-07-20,16.0,0.6119
2023-07-19,12.0,0.4891
2023-07-18,13.0,0.4474
2023-07-17,6.0,0.6653
2023-07-16,3.0,0.008
2023-07-15,12.0,0.3514
2023-07-14,3.0,0.1972
2023-07-13,5.0,0.1973
2023-07-12,2.0,0.0385
2023-07-11,9.0,0.0724
2023-07-10,12.0,0.384
2023-07-09,5.0,0.2753
2023-07-08,10.0,0.5
2023-07-07,1.0,0.0103
2023-07-06,3.0,0.044
2023-07-05,4.0,0.0074
2023-07-03,1.0,0.0079
2023-07-02,3.0,0.0636
2023-07-01,5.0,0.0693
2023-06-30,7.0,0.0637
2023-06-29,20.0,1.0101
2023-06-28,3.0,0.1135
2023-06-27,9.0,0.797
2023-06-26,11.0,0.4871
2023-06-25,12.0,1.0275
2023-06-24,5.0,0.1214
2023-06-23,8.0,0.1876
2023-06-22,21.0,1.2711
2023-06-21,7.0,0.3137
2023-06-20,5.0,0.1678
2023-06-19,13.0,0.7496
2024-11-15,79.0,3.5639
2024-11-14,48.0,2.9158
2024-11-13,54.0,2.7302
2024-11-12,66.0,1.9629
2024-11-11,50.0,1.9876
2024-11-10,57.0,3.607
2024-11-09,46.0,3.0237
2024-11-08,34.0,2.0445
2024-11-07,65.0,2.5902
2024-11-06,50.0,3.4988
2024-11-05,68.0,3.9127
2024-11-04,45.0,3.0776
2024-11-03,30.0,1.9194
2024-11-02,37.0,3.5207
2024-11-01,74.0,3.898
2024-10-31,32.0,2.3267
2024-10-30,73.0,4.7921
2024-10-29,61.0,3.6424
2024-10-28,59.0,3.1872
2024-10-27,15.0,1.1536
2024-10-26,18.0,1.0842
2024-10-25,35.0,2.4383
2024-10-24,62.0,3.7534
2024-10-23,60.0,3.6413
2024-10-22,44.0,2.4918
2024-10-21,27.0,0.5609
2024-10-20,25.0,2.2977
2024-10-19,12.0,0.5352
2024-10-18,40.0,1.7664
2024-10-17,25.0,0.5068
2024-10-16,75.0,3.6307
2024-10-15,60.0,2.9781
2024-10-14,21.0,1.0711
2024-10-13,41.0,1.8298
2024-10-12,27.0,1.763
2024-10-11,36.0,2.4265
2024-10-10,39.0,2.2513
2024-10-09,66.0,2.5349
2024-10-08,46.0,2.0334
2024-10-07,52.0,4.1396
2024-10-06,28.0,0.9032
2024-10-05,23.0,1.0835
2024-10-04,37.0,2.137
2024-10-03,55.0,1.3706
2024-10-02,33.0,2.0502
2024-10-01,47.0,3.6742
2024-09-30,57.0,2.6792
2024-09-29,33.0,2.8209
2024-09-28,31.0,2.1154
2024-09-27,27.0,1.8844
2024-09-26,32.0,1.531
2024-09-25,33.0,1.9432
2024-09-24,118.0,5.336
2024-09-23,21.0,0.7176
2024-09-22,45.0,2.2286
2024-09-21,26.0,1.0756
2024-09-20,22.0,0.776
2024-09-19,35.0,0.9629
2024-09-18,47.0,1.0066
2024-09-17,61.0,2.0246
2024-09-16,49.0,2.631
2024-09-15,58.0,3.3027
2024-09-14,28.0,1.1124
2024-09-13,12.0,0.426
2024-09-12,49.0,2.4729
2024-09-11,30.0,0.6144
2024-09-10,41.0,0.9664
2024-09-09,67.0,1.4438
2024-09-08,20.0,0.4528
2024-09-07,19.0,0.8627
2024-09-06,30.0,1.4202
2024-09-05,51.0,2.1258
2024-09-04,77.0,4.2886
2024-09-03,82.0,2.5915
2024-09-02,94.0,3.7973
2024-09-01,25.0,1.1026
2024-08-31,15.0,0.4046
2024-08-30,18.0,1.1419
2024-08-29,34.0,1.9461
2024-08-28,29.0,1.3198
2024-08-27,36.0,0.5806
2024-08-26,33.0,1.2796
2024-08-25,37.0,2.3281
2024-08-24,14.0,1.0395
2024-08-23,47.0,3.2839
2024-08-22,24.0,1.3748
2024-08-21,30.0,1.3044
2024-08-20,33.0,1.6154
2024-08-19,16.0,0.4058
2024-08-18,19.0,0.7193
2024-08-17,30.0,0.9376
2024-08-16,23.0,1.1306
2024-08-15,24.0,0.9806
2024-08-14,22.0,1.5688
2024-08-13,10.0,0.1244
2024-08-12,20.0,0.7823
2024-08-11,16.0,0.4246
2024-08-10,41.0,4.3284
2024-08-09,29.0,1.4806
2024-08-08,18.0,1.1309
2024-08-07,14.0,1.0561
2024-08-06,51.0,4.4039
2024-08-05,61.0,3.5796
2024-08-04,17.0,1.3469
2024-08-03,18.0,1.5899
2024-08-02,50.0,3.5387
2024-08-01,44.0,4.6498
2024-07-31,27.0,1.3318
2024-07-30,85.0,9.2777
2024-07-29,71.0,5.7256
2024-07-28,47.0,2.9983
2024-07-27,22.0,1.2482
2024-07-26,39.0,3.3154
2024-07-25,28.0,2.0801
2024-07-24,13.0,0.5985
2024-07-23,31.0,2.28
2024-07-22,64.0,3.0669
2024-07-21,18.0,0.7623
2024-07-20,51.0,3.3488
2024-07-19,36.0,3.2402
2024-07-18,52.0,2.4567
2024-07-17,44.0,2.9393
2024-07-16,37.0,0.9011
2024-07-15,26.0,2.8141
2024-07-14,18.0,0.8722
2024-07-13,8.0,0.3372
2024-07-12,2.0,0.0741
2024-07-11,26.0,1.6081
2024-07-10,14.0,1.2183
2024-07-09,24.0,1.7479
2024-07-08,8.0,0.1196
2024-07-07,12.0,0.6517
2024-07-06,41.0,3.2678
2024-07-05,6.0,0.2653
2024-07-04,9.0,1.0993
2024-07-03,4.0,0.2676
2024-07-02,11.0,1.2162
2024-07-01,25.0,1.6379
2024-06-30,103.0,3.2583
2024-06-29,83.0,4.0169
2024-06-28,32.0,4.337
2024-06-27,39.0,2.3009
2024-06-26,40.0,3.129
2024-06-25,20.0,1.0936
2024-06-24,28.0,1.2487
2024-06-23,28.0,0.9382
2024-06-22,14.0,0.659
2024-06-21,10.0,0.9768
2024-06-20,9.0,0.4866
2024-06-19,9.0,0.8984
2024-06-18,2.0,0.0206
2024-06-17,9.0,0.1954
2024-06-16,16.0,1.023
2024-06-15,19.0,1.4756
2024-06-14,6.0,0.2968
2024-06-13,5.0,0.4178
2024-06-12,25.0,0.7077
2024-06-11,16.0,0.5479
2024-06-10,12.0,0.3464
2024-06-09,9.0,0.1729
2024-06-08,12.0,0.7511
2024-06-07,6.0,0.2211
2024-06-06,14.0,1.382
2024-06-05,7.0,0.1839
2024-06-04,2.0,0.0332
2024-06-03,3.0,0.1115
2024-06-02,8.0,0.0342
2024-06-01,1.0,0.0011
2024-05-31,11.0,0.2343
2024-05-30,9.0,0.2327
2024-05-29,19.0,0.4909
2024-05-28,34.0,1.5568
2024-05-27,7.0,0.078
2024-05-26,12.0,0.2132
2024-05-25,34.0,2.2818
2024-05-24,12.0,0.5742
2024-05-23,23.0,1.3616
2024-05-22,20.0,1.961
2024-05-21,25.0,0.3324
2024-05-20,25.0,1.5259
2024-05-19,28.0,1.7858
2024-05-18,3.0,0.2243
2024-05-17,13.0,0.9869
2024-05-16,7.0,0.1031
2024-05-15,27.0,1.4611
2024-05-14,13.0,0.4184
2024-05-13,10.0,0.183
2024-05-12,17.0,0.5866
2024-05-11,25.0,1.0325
2024-05-10,24.0,1.3128
2024-05-09,35.0,2.5676
2024-05-08,10.0,0.4717
2024-05-07,15.0,0.5371
2024-05-06,23.0,1.2359
2024-05-05,14.0,0.7488
2024-05-04,16.0,0.6307
2024-05-03,20.0,0.229
2024-05-02,19.0,0.2996
2024-05-01,19.0,0.8508
2024-04-30,17.0,0.7124
2024-04-29,36.0,1.1439
2024-04-28,50.0,1.8256
2024-04-27,15.0,0.6054
2024-04-26,37.0,1.4783
2024-04-25,56.0,1.5315
2024-04-24,13.0,0.2559
2024-04-23,28.0,0.7998
2024-04-22,25.0,1.2341
2024-04-21,38.0,2.4177
2024-04-20,40.0,2.7999
2024-04-19,9.0,0.0993
2024-04-18,27.0,0.9863
2024-04-17,15.0,0.5956
2024-04-16,10.0,0.2648
2024-04-15,14.0,0.5274
2024-04-14,5.0,0.0506
2024-04-13,11.0,0.4674
2024-04-12,17.0,0.8184
2024-04-11,30.0,0.7454
2024-04-10,29.0,0.4376
2024-04-09,17.0,0.1978
2024-04-08,23.0,0.4462
2024-04-07,22.0,0.799
2024-04-06,16.0,0.6407
2024-04-05,19.0,0.9602
2024-04-04,45.0,1.2834
2024-04-03,28.0,1.2645
2024-04-02,19.0,1.0318
2024-04-01,11.0,0.2977
2024-03-31,31.0,0.9693
2024-03-30,7.0,0.4691
2024-03-29,17.0,0.5799
2024-03-28,22.0,0.6174
2024-03-27,15.0,0.4954
2024-03-26,23.0,1.024
2024-03-25,15.0,0.7701
2024-03-24,8.0,0.4676
2024-03-23,63.0,5.5425
2024-03-22,60.0,2.4663
2024-03-21,16.0,0.4812
2024-03-20,17.0,0.5746
2024-03-19,8.0,0.1255
2024-03-18,9.0,0.1604
2024-03-17,9.0,0.6548
2024-03-16,16.0,0.461
2024-03-15,29.0,1.6189
2024-03-14,25.0,1.1229
2024-03-13,48.0,2.9958
2024-03-12,23.0,0.8258
2024-03-11,10.0,0.3694
2024-03-10,8.0,0.4982
2024-03-09,7.0,0.0845
2024-03-08,2.0,0.4004
2024-03-07,23.0,0.4513
2024-03-06,23.0,0.716
2024-03-05,19.0,0.5665
2024-03-04,47.0,2.3515
2024-03-03,61.0,2.9613
2024-03-02,25.0,0.6622
2024-03-01,36.0,2.4007
2024-02-29,33.0,1.024
2024-02-28,32.0,0.9975
2024-02-27,14.0,0.7428
2024-02-26,16.0,0.4943
2024-02-25,25.0,1.1618
2024-02-24,10.0,0.3779
2024-02-23,9.0,0.3638
2024-02-22,29.0,1.1685
2024-02-21,41.0,3.5208
2024-02-20,14.0,0.2591
2024-02-19,19.0,1.466
2024-02-18,72.0,5.2088
2024-02-17,33.0,1.4401
2024-02-16,28.0,1.595
2024-02-15,40.0,1.7805
2024-02-14,35.0,1.6083
2024-02-13,34.0,1.6511
2024-02-12,45.0,2.9329
2024-02-11,58.0,3.1282
2024-02-10,12.0,0.6004
2024-02-09,26.0,1.1965
2024-02-08,23.0,0.6365
2024-02-07,34.0,1.4182
2024-02-06,22.0,0.526
2024-02-05,21.0,0.5296
2024-02-04,21.0,0.9319
2024-02-03,29.0,1.3065
2024-02-02,33.0,0.9357
2024-02-01,18.0,0.8646
2024-01-31,39.0,2.244
2024-01-30,18.0,0.543
2024-01-29,15.0,0.8807
2024-01-28,52.0,1.3584
2024-01-27,53.0,3.234
2024-01-26,23.0,1.025
2024-01-25,5.0,0.2778
2024-01-24,27.0,0.965
2024-01-23,27.0,1.3591
2024-01-22,76.0,3.5258
2024-01-21,67.0,1.7417
2024-01-20,8.0,0.4371
2024-01-19,27.0,0.4687
2024-01-18,46.0,1.8495
2024-01-17,87.0,4.0339
2024-01-16,61.0,3.3284
2024-01-15,44.0,3.3475
2024-01-14,37.0,1.3465
2024-01-13,39.0,2.9206
2024-01-12,13.0,0.4196
2024-01-11,27.0,2.3037
2024-01-10,47.0,1.5636
2024-01-09,40.0,1.0706
2024-01-08,6.0,0.0637
2024-01-07,61.0,3.5941
2024-01-06,27.0,1.086
2024-01-05,47.0,5.2109
2024-01-04,10.0,0.1659
2024-01-03,8.0,0.2443
2024-01-02,12.0,0.149
2024-01-01,17.0,1.1781
